"Path","Size","SHA256"
".toolchain/wix-source/build/wix/Release/publish/wix/mergemod.dll","180376","76a2bd10e8a512c3fe1125c17ff9802af5e07fe5244c7a60bc5440607f462f99"
".toolchain/wix-source/build/wix/Release/publish/wix/Newtonsoft.Json.dll","712464","22c649f75fce5be7c7ccda8880473b634ef69ecf33f5d1ab8ad892caf47d5a07"
".toolchain/wix-source/build/wix/Release/publish/wix/NuGet.Common.dll","109640","47425206fe13534f2c7679d42428d16c5f3ee07705135f2a7d612b400e8a30a5"
".toolchain/wix-source/build/wix/Release/publish/wix/NuGet.Configuration.dll","175664","690824e920106fb468a22e5f7d8cad9c3e5ad0c5eb0e314ffeb08d01948875ba"
".toolchain/wix-source/build/wix/Release/publish/wix/NuGet.Credentials.dll","50208","e37f398c01c5e16be04cfd48d7a3e3e224d793935d6d8ff15ec99abdc60de1ce"
".toolchain/wix-source/build/wix/Release/publish/wix/NuGet.Frameworks.dll","124448","88232838a9fffcbe273d821cf2de8e30448b19ccaca0251c5f7ef68947fd225c"
".toolchain/wix-source/build/wix/Release/publish/wix/NuGet.Packaging.dll","705568","e78034cb685d6aeaf04a75bfcb354511ef6bcbe697312d3a13c8b1eaa9fa22d5"
".toolchain/wix-source/build/wix/Release/publish/wix/NuGet.Protocol.dll","791096","1b4c557101b0106af19275f12396d86a9654065f80c01b8b7b5155d497999c70"
".toolchain/wix-source/build/wix/Release/publish/wix/NuGet.Versioning.dll","64568","1d5169f42a93615244292cdda06c554be7cbb8c1033dee15a584a3f4ecea19d4"
".toolchain/wix-source/build/wix/Release/publish/wix/System.Security.Cryptography.Pkcs.dll","292480","f8caa9538ffd60f9944d2679d75526a60452bdc48fa5772c9eb4b7d46a09c21c"
".toolchain/wix-source/build/wix/Release/publish/wix/System.Security.Cryptography.ProtectedData.dll","31688","1c73a1b016cfc8d497106eec08af07616f2f4c07e4ddc807c9f120ceacd0a53a"
".toolchain/wix-source/build/wix/Release/publish/wix/wix.deps.json","18100","045b1eb593402e126d6833a84423eb76736826dfb08bdeb03ee753703fb847aa"
".toolchain/wix-source/build/wix/Release/publish/wix/wix.dll","19456","782c4a40981197400fdba192d3c21a8995aca07e6d79487fd6a098096ed3fe34"
".toolchain/wix-source/build/wix/Release/publish/wix/wix.dll.config","473","c6b519921901249ebff89df93de5e071b1bd63043566b2550348bf7475c11be2"
".toolchain/wix-source/build/wix/Release/publish/wix/wix.exe","152064","10403eb7828205940cb8a31eb74adf80c17b6acb00ea6db9b1d305f1198f9966"
".toolchain/wix-source/build/wix/Release/publish/wix/wix.runtimeconfig.json","369","2f12d184f41a138229b30afb4ee068f453b442ad19a6626de01bdc7df8e45d7a"
".toolchain/wix-source/build/wix/Release/publish/wix/wixnative.exe","206848","b3f618e5d84f08414b41d624b10222bc002888ddfd9f115571ae8e6227b35772"
".toolchain/wix-source/build/wix/Release/publish/wix/WixToolset.Converters.dll","136192","8e0be6856f02ea0c12770a2dd54b7f7f064cfc20483d5c054c9f90ff34efe6bd"
".toolchain/wix-source/build/wix/Release/publish/wix/WixToolset.Converters.xml","30534","a5f859814a79e2534dbe8489e360c6983996db50b57b89113b3c6a0f4cde6a0f"
".toolchain/wix-source/build/wix/Release/publish/wix/WixToolset.Core.Burn.dll","225792","23bf29d45f1778ddf0d331befa6297d3ba6de06d6c618a1d7814d4c2a28c08f0"
".toolchain/wix-source/build/wix/Release/publish/wix/WixToolset.Core.Burn.xml","32176","d2d519b566ae5b6e48b144ab4aeea11b6f30c6287f3e20baf9794a2ca0ada548"
".toolchain/wix-source/build/wix/Release/publish/wix/WixToolset.Core.dll","698880","3fb200eceae1ccdcf402a44fe71d5a666834f00c61d814bb7756b1e4ce36320d"
".toolchain/wix-source/build/wix/Release/publish/wix/WixToolset.Core.ExtensionCache.dll","32768","8edad01d9be246e1aed981a4d76de23d57d88dca3505a31aff7a6d5894e0ca30"
".toolchain/wix-source/build/wix/Release/publish/wix/WixToolset.Core.ExtensionCache.xml","1472","419b082d117d9b90e3ac03b44fec2c7618b76f82f14b92963827979a026365a2"
".toolchain/wix-source/build/wix/Release/publish/wix/WixToolset.Core.Native.dll","73216","9e2976e12df7312b33fcffb470b39956a8ce80b28d6f7d03280ea2ec76668801"
".toolchain/wix-source/build/wix/Release/publish/wix/WixToolset.Core.Native.xml","162017","3535847529417609aa8cea276a7c275294bcf8b4ba3703603c7a9f26d182b134"
".toolchain/wix-source/build/wix/Release/publish/wix/WixToolset.Core.WindowsInstaller.dll","520192","de99e91f0d671929df89eb3fed1ac15ad23732abe6b494f3cfce909a341e9723"
".toolchain/wix-source/build/wix/Release/publish/wix/WixToolset.Core.WindowsInstaller.xml","83351","4b513a5338b856f4170a8861c69e56a70cf7d02f4b111ee3509e46ae3dc69280"
".toolchain/wix-source/build/wix/Release/publish/wix/WixToolset.Core.xml","208535","c76d6140aafe7ea0327446c5348d5750d87dfa3450a386bc92c4b1757c0bdd6f"
".toolchain/wix-source/build/wix/Release/publish/wix/WixToolset.Data.dll","593408","c689051d5df660773ec28d0e5a16fe3cccfe3f742d27a5358bdc254e59f237e9"
".toolchain/wix-source/build/wix/Release/publish/wix/WixToolset.Dtf.Resources.dll","43520","2660978e077d9fa503ba8eb6f53a6231feb4c94bea8309b5cfd67b7666503d36"
".toolchain/wix-source/build/wix/Release/publish/wix/WixToolset.Extensibility.dll","61440","8ff67da9ea54dfd2c695af01447bb372cf179f68e48db94ca12962a0cdff0839"
".toolchain/wix-source/build/wix/Release/publish/wix/WixToolset.Versioning.dll","16896","7b609f2d62584ef1070adc4bc0cad713db5c27663afc30294fc260cd9982ae5a"
".toolchain/wix-source/build/wix/Release/publish/wix/cubes/darice.cub","692224","92195fd2028f10fe7e829eac52c8a166909dca1d7dfff1a4231e25ea7d16abd0"
".toolchain/wix-source/build/wix/Release/publish/wix/cubes/mergemod.cub","499712","c52bca648e00053b7684dd2422db4a3388d43a3904d0d0294bc940e34fe7961e"
".toolchain/wix-source/build/wix/Release/publish/wix/targets/WixToolset.Core.Native.targets","372","ade95c170f880e43f5c69dd0fc7ce20be7d2e053d35341de56d7129b60066af8"
".toolchain/wix-source/build/wix/Release/publish/wix/x64/burn.exe","892928","06544a76d69bc982efe252edbd63fcbf7197f5288929d004a7e75b681d2b3f2c"
".toolchain/wix-source/build/Bal.wixext/Release/netstandard2.0/WixToolset.BootstrapperApplications.wixext.dll","628224","ed3e3617527e32338fc9e6af555adbb7c0474496529f3a59fb5cdcb8a1846499"
".toolchain/wix-source/build/Util.wixext/Release/netstandard2.0/WixToolset.Util.wixext.dll","239104","65d69bb0ea5804cf3ff65eb5fb0d8fe15c57df4f24378eee09a2c73d2bafa65e"
